sps_descripcion,fecha
"12.9 PERNO PARKER M12*70",13/12/2012
"12.9 PERNO PARKER M6*100",24/10/2012
"12.9 PERNO PARKER M6*20",24/10/2012
"2PALETA 575 2* 3PELOTA FUNDA",18/12/2006
"2PALETA 575 2* 3PELOTA FUNDA",27/12/2006
"2PALETA 575 2* 3PELOTA FUNDA",06/11/2007
"2PALETA 575 2* 3PELOTA FUNDA",13/10/2006
"2PALETA 575 2* 3PELOTA FUNDA",15/12/2006
"2PALETA 575 2* 3PELOTA FUNDA",20/10/2006
"2PALETA 575 2* 3PELOTA FUNDA",19/12/2007
"2PALETA 575 2* 3PELOTA FUNDA",25/10/2006
"2PALETA 575 2* 3PELOTA FUNDA",14/11/2007
"304 PERNO 1/4*2-1/2",30/11/2012
"304 PERNO 3/8*1-1/2",03/12/2013
"304 PERNO 3/8*2",29/10/2012
"304 PERNO 5/8*3-1/2",12/11/2013
"304 TUERCA 1/4",30/11/2012
"304 TUERCA 3/4",31/10/2012
"304 TUERCA 3/8",22/11/2013
"ABRAZADERA 1-1/4..21-38",25/10/2013
"ABRAZADERA 1-1/4..21-38",27/12/2013
"ABRAZADERA 1..18-32",25/10/2013
"ABRAZADERA 1..18-32",23/12/2013
"ABRAZADERA 1/2..13-19",22/11/2013
"ABRAZADERA 1/2..13-19",03/10/2013
"ABRAZADERA 1/2..13-19",25/10/2013
"ABRAZADERA 1/2..13-19",22/11/2013
"ABRAZADERA 3/4..16-25",22/11/2013
"ABRAZADERA 3/4..16-25",23/12/2013
"ABRAZADERA 3/4..16-25",25/10/2013
"ABRAZADERA 3/8..9-16",23/12/2013
"ABRAZADERA 3/8..9-16",25/10/2013
"ABRAZADERA 3/8..9-16",22/11/2013
"ABRAZADERA 3/8..9-16",27/12/2013
"ABRAZADERA 3/8..9-16",01/10/2013
"ABRAZADERA ALTA SEGURIDAD 175-187",26/12/2013
"ABRAZADERA ALTA SEGURIDAD 188-200",04/12/2013
"ABRAZADERA ALTA SEGURIDAD 188-200",11/12/2013
"ABRAZADERA ALTA SEGURIDAD 188-200",26/12/2013
"ABRAZADERA ALTA SEGURIDAD 20-22",22/11/2013
"ANDADOR 630RC-C-BAR-13",13/11/2009
"ANDADOR 630RC-C-BAR-13",13/12/2006
"ANDADOR 630RC-C-BAR-13",28/12/2007
"ANDADOR 630RC-C-BAR-13",12/12/2006
"ANDADOR 630RC-C-BAR-13",22/11/2007
"ANDADOR 630RC-C-BAR-13",05/12/2007
"ANDADOR 630RC-C-BAR-13",04/12/2009
"ANDADOR HG-005-10",24/11/2009
"ANDADOR HG-005-10",10/12/2010
"ANDADOR HG-005-10",04/12/2009
"ANDADOR HG-005-10",13/11/2009
"ANTIVIBRADOR ",19/12/2013
"ANTIVIBRADOR ",20/12/2007
"ANTIVIBRADOR ",12/12/2013
"ANTIVIBRADOR ",19/11/2009
"ANTIVIBRADOR ",09/10/2009
"ANTIVIBRADOR ",04/12/2007
"ANTIVIBRADOR ",02/10/2009
"ANTIVIBRADOR ",03/12/2009
"ANTIVIBRADOR ",14/10/2009
"ANTIVIBRADOR ",13/12/2013
"ANTIVIBRADOR ",23/11/2007
"ANTIVIBRADOR ",20/12/2006
"ANTIVIBRADOR ",17/10/2007
"ANTIVIBRADOR ",10/10/2012
"ANTIVIBRADOR ",23/11/2009
"ANTIVIBRADOR ",10/10/2013
"ANTIVIBRADOR ",06/11/2007
"ANTIVIBRADOR ",23/11/2010
"ANTIVIBRADOR ",25/10/2011
"ANTIVIBRADOR ",13/11/2009
"ANTIVIBRADOR ",26/10/2007
"ANTIVIBRADOR ",09/11/2009
"ANTIVIBRADOR ",26/10/2007
"ANTIVIBRADOR ",20/11/2013
"ANTIVIBRADOR ",17/11/2011
"ANTIVIBRADOR ",07/11/2006
"ANTIVIBRADOR ",30/11/2007
"ANTIVIBRADOR ",23/12/2009
"ANTIVIBRADOR ",22/12/2010
"ANTIVIBRADOR ",10/12/2007
"ANTIVIBRADOR ",27/10/2006
"ANTIVIBRADOR ",26/10/2011
"ANTIVIBRADOR ",11/11/2011
"ANTIVIBRADOR ",09/12/2011
"ANTIVIBRADOR ",19/11/2012
"ANTIVIBRADOR ",08/11/2013
"ANTIVIBRADOR ",11/11/2009
"ANTIVIBRADOR ",21/12/2007
"ANTIVIBRADOR ",12/12/2007
"ANTIVIBRADOR ",03/11/2006
"ANTIVIBRADOR ",02/11/2007
"ANTIVIBRADOR ",22/11/2007
"ANTIVIBRADOR ",02/12/2009
"ANTIVIBRADOR ",04/11/2010
"ANTIVIBRADOR ",18/12/2013
"ANTIVIBRADOR ",09/10/2007
"ANTIVIBRADOR ",09/12/2009
"ANTIVIBRADOR ",27/11/2006
"ANTIVIBRADOR ",25/10/2011
"ANTIVIBRADOR ",28/11/2012
"ANTIVIBRADOR ",17/12/2007
"ANTIVIBRADOR ",30/11/2010
"ANTIVIBRADOR ",23/11/2012
"ANTIVIBRADOR ",16/11/2006
"ANTIVIBRADOR ",19/11/2009
"ANTIVIBRADOR ",07/12/2010
"ANTIVIBRADOR ",02/11/2007
"ANTIVIBRADOR ",27/11/2013
"ANTIVIBRADOR ",13/11/2007
"ANTIVIBRADOR ",30/11/2012
"ANTIVIBRADOR ",19/10/2007
"ANTIVIBRADOR ",03/12/2010
"ANTIVIBRADOR ",04/12/2013
"ANTIVIBRADOR ",16/12/2013
"ANTIVIBRADOR ",04/12/2013
"ANTIVIBRADOR ",18/10/2011
"ANTIVIBRADOR ",19/12/2009
"ANTIVIBRADOR ",09/11/2007
"ANTIVIBRADOR ",29/11/2013
"ANTIVIBRADOR ",29/11/2010
"ANTIVIBRADOR ",22/12/2012
"ANTIVIBRADOR ",20/10/2009
"ANTIVIBRADOR ",16/10/2012
"ANTIVIBRADOR ",19/12/2007
"ANTIVIBRADOR ",30/10/2009
"ANTIVIBRADOR ",14/12/2009
"ANTIVIBRADOR ",21/12/2009
"ANTIVIBRADOR ",24/10/2012
"ANTIVIBRADOR ",28/11/2011
"ANTIVIBRADOR ",02/10/2009
"ANTIVIBRADOR ",07/12/2007
"ANTIVIBRADOR ",16/12/2009
"ANTIVIBRADOR ",15/11/2007
"ANTIVIBRADOR ",16/11/2007
"ANTIVIBRADOR ",13/11/2007
"ANTIVIBRADOR ",09/12/2011
"ANTIVIBRADOR ",14/12/2010
"ANTIVIBRADOR ",15/12/2006
"ANTIVIBRADOR ",22/12/2007
"ANTIVIBRADOR ",02/11/2007
"ANTIVIBRADOR ",03/12/2010
"ANTIVIBRADOR ",19/12/2007
"ANTIVIBRADOR ",04/11/2013
"ANTIVIBRADOR ",15/11/2007
"ANTIVIBRADOR ",20/10/2009
"ANTIVIBRADOR ",11/12/2007
"ANTIVIBRADOR ",16/10/2012
"ANTIVIBRADOR ",19/10/2007
"ANTIVIBRADOR ",27/11/2013
"ANTIVIBRADOR ",15/11/2013
"ANTIVIBRADOR ",18/10/2011
"ANTIVIBRADOR ",15/11/2011
"ANTIVIBRADOR ",10/11/2010
"ANTIVIBRADOR ",16/11/2006
"ANTIVIBRADOR ",24/11/2010
"ANTIVIBRADOR ",01/10/2009
"ANTIVIBRADOR ",17/10/2013
"ANTIVIBRADOR ",05/12/2007
"ANTIVIBRADOR ",27/11/2007
"ANTIVIBRADOR ",08/10/2007
"ANTIVIBRADOR ",31/12/2009
"ANTIVIBRADOR ",23/12/2006
"ANTIVIBRADOR ",19/12/2007
"ANTIVIBRADOR ",18/12/2006
"ANTIVIBRADOR ",14/11/2007
"ANTIVIBRADOR ",15/11/2011
"ANTIVIBRADOR ",16/12/2011
"ANTIVIBRADOR ",10/11/2011
"ANTIVIBRADOR ",15/11/2007
"ANTIVIBRADOR ",17/12/2010
"ANTIVIBRADOR ",09/11/2009
"ANTIVIBRADOR ",31/12/2007
"ANTIVIBRADOR ",23/12/2013
"ANTIVIBRADOR ",17/12/2013
"ANTIVIBRADOR ",15/12/2011
"ANTIVIBRADOR ",01/12/2010
"ANTIVIBRADOR ",01/12/2010
"ANTIVIBRADOR ",17/11/2010
"ANTIVIBRADOR ",23/11/2011
"ANTIVIBRADOR ",06/11/2012
"ANTIVIBRADOR ",12/10/2007
"ANTIVIBRADOR ",26/10/2012
"ANTIVIBRADOR ",12/10/2007
"ANTIVIBRADOR ",28/12/2012
"ANTIVIBRADOR ",02/12/2013
"ANTIVIBRADOR ",19/10/2007
"ANTIVIBRADOR ",22/11/2007
"ANTIVIBRADOR ",20/10/2010
"ANTIVIBRADOR ",22/10/2007
"ANTIVIBRADOR ",23/12/2007
"ANTIVIBRADOR ",10/10/2012
"ANTIVIBRADOR ",12/11/2013
"ANTIVIBRADOR ",10/10/2012
"ANTIVIBRADOR ",20/12/2007
"ANTIVIBRADOR ",17/11/2010
"ANTIVIBRADOR ",20/10/2009
"ANTIVIBRADOR ",19/11/2010
"ANTIVIBRADOR ",30/10/2009
"ANTIVIBRADOR ",13/11/2012
"ANTIVIBRADOR ",04/11/2010
"ANTIVIBRADOR ",11/10/2011
"ANTIVIBRADOR ",04/11/2010
"ANTIVIBRADOR ",18/10/2011
"ANTIVIBRADOR ",26/12/2007
"ANTIVIBRADOR ",19/12/2011
"ANTIVIBRADOR ",19/11/2009
"ANTIVIBRADOR ",16/12/2009
"ANTIVIBRADOR ",26/10/2007
"ANTIVIBRADOR ",11/12/2007
"ANTIVIBRADOR ",09/10/2009
"ANTIVIBRADOR ",12/10/2012
"ANTIVIBRADOR ",04/12/2007
"ANTIVIBRADOR ",14/10/2010
"ANTIVIBRADOR ",14/12/2006
"ANTIVIBRADOR ",16/11/2011
"ANTIVIBRADOR ",17/12/2012
"ANTIVIBRADOR ",23/11/2007
"ANTIVIBRADOR ",17/10/2007
"ANTIVIBRADOR ",19/12/2011
"ANTIVIBRADOR ",30/12/2009
"ANTIVIBRADOR ",20/12/2010
"ANTIVIBRADOR ",30/10/2013
"ANTIVIBRADOR ",07/12/2012
"ANTIVIBRADOR ",02/11/2007
"ANTIVIBRADOR ",14/12/2012
"ANTIVIBRADOR ",27/11/2009
"ANTIVIBRADOR ",26/10/2007
"ANTIVIBRADOR ",28/12/2007
"ANTIVIBRADOR ",22/10/2012
"ANTIVIBRADOR ",21/12/2009
"ANTIVIBRADOR ",04/10/2007
"ANTIVIBRADOR ",04/12/2009
"ANTIVIBRADOR ",05/12/2007
"ANTIVIBRADOR ",10/12/2010
"ANTIVIBRADOR ",21/12/2010
"ANTIVIBRADOR ",09/12/2009
"ANTIVIBRADOR ",14/12/2007
"ANTIVIBRADOR ",03/10/2012
"ANTIVIBRADOR ",18/12/2012
"ANTIVIBRADOR ",13/12/2011
"ANTIVIBRADOR ",10/10/2012
"ANTIVIBRADOR ",24/11/2010
"ANTIVIBRADOR ",16/11/2006
"ANTIVIBRADOR ",05/10/2007
"ANTIVIBRADOR ",22/12/2009
"ANTIVIBRADOR ",03/12/2009
"ANTIVIBRADOR ",23/11/2007
"ANTIVIBRADOR ",23/11/2010
"ANTIVIBRADOR ",29/11/2011
"ANTIVIBRADOR ",12/11/2010
"ANTIVIBRADOR ",23/12/2011
"ANTIVIBRADOR ",14/10/2011
"ANTIVIBRADOR ",24/11/2010
"ANTIVIBRADOR ",27/10/2011
"ANTIVIBRADOR ",27/11/2007
"ANTIVIBRADOR ",31/12/2009
"ANTIVIBRADOR ",25/11/2011
"ANTIVIBRADOR ",22/12/2011
"ANTIVIBRADOR ",18/10/2011
"ANTIVIBRADOR ",18/10/2012
"ANTIVIBRADOR ",03/12/2009
"ANTIVIBRADOR ",03/12/2009
"ANTIVIBRADOR ",22/11/2012
"ANTIVIBRADOR ",19/10/2012
"ANTIVIBRADOR ",26/10/2012
"ANTIVIBRADOR LONGBOARD",29/11/2012
"AUTO CON BATERIA ",30/11/2006
"AUTO LUJOSO A BATERIA SHFS-7003-10",11/12/2007
"AUTO LUJOSO A BATERIA SHFS-7003-10",13/11/2009
"AUTO LUJOSO A BATERIA SHFS-7003-10",09/11/2007
"AUTO LUJOSO A BATERIA SHFS-7003-10",22/11/2007
"AUTO LUJOSO A BATERIA SHFS-7003-10",24/11/2009
"AUTO LUJOSO A BATERIA SHFS-7003-10",22/11/2007
"AUTO LUJOSO A BATERIA SHFS-7018-13",24/11/2009
"AUTO LUJOSO A BATERIA SHFS-7018-13",13/11/2009
"AUTO LUJOSO A BATERIA SHFS-7018-13",13/11/2009
"AUTO LUJOSO A BATERIA SHFS-7025",05/12/2007
"AUTO LUJOSO A BATERIA SHFS-7314-10",13/12/2011
"AUTO LUJOSO A BATERIA SHFS-7314-10",24/11/2009
"AUTO LUJOSO A BATERIA SHS-7004-13",24/11/2009
"AUTO LUJOSO A BATERIA SHS-7005",13/11/2009
"AUTO LUJOSO A BATERIA SHS-7005",13/11/2009
"AUTO LUJOSO A BATERIA SHS-7005",05/12/2007
"AUTO LUJOSO A BATERIA SHS-7005",07/12/2007
"AUTO LUJOSO A BATERIA SHS-7005",24/11/2009
"AUTO LUJOSO A BATERIA SHS-7005",19/11/2009
"AUTO LUJOSO A BATERIA SHT-7101-13",22/11/2007
"AUTO LUJOSO A BATERIA SHT-7101-13",24/11/2009
"AUTO LUJOSO A BATERIA SHT-7101-13",09/11/2007
"AUTO PEDAL SHJ-110-IC-10",12/11/2009
"AUTO PEDAL SHJ-110-IC-10",17/12/2009
"AUTO PEDAL SHJ-110-IC-10",13/11/2009
"AUTO PEDAL SHJ-110-IC-10",13/11/2009
"AUTO PEDAL SHJ-110-IC-10",14/12/2009
"AUTO PEDAL SHJ-777-IC-10",13/11/2009
"AUTO PEDAL SHJ-777-IC-10",15/12/2009
"AUTO PEDAL SHJ-777-IC-10",24/11/2009
"AUTO PEDAL SHJ-777-IC-10",12/11/2009
"AUTO PEDAL SHJ-777-IC-10",13/11/2009
"BICICLETA BX-X14-09",13/11/2009
"BICICLETA BY-1203-10",13/11/2009
"BICICLETA BY-1210-10",13/11/2009
"BICICLETA BY-1212-09",13/11/2009
"BICICLETA BY-1404-10",13/11/2009
"BINOCULAR 4*30",13/11/2007
"BINOCULAR 4*30",19/12/2007
BOLSA,07/12/2006
BOLSA,22/12/2011
BOLSA,03/10/2006
BOLSA,14/11/2007
BOLSA,20/10/2006
"BOTA DE NIEVE NÂº11",26/10/2011
"CANILLERA AS034",08/10/2010
"CANILLERA AS034",05/12/2007
"CANILLERA AS034",22/11/2010
"CANILLERA AS034",13/11/2009
"CANILLERA AS034",09/10/2007
"CANILLERA AS034",12/11/2009
"CANILLERA AS034",07/12/2006
"CANILLERA AS042M",11/11/2011
"CANILLERA AS042M",17/12/2013
"CANILLERA AS042M",13/11/2012
"CANILLERA AS042M",24/10/2012
"CANILLERA AS042M",26/10/2007
"CANILLERA TOBILLERA AS029S-13",13/10/2009
"CANILLERA TOBILLERA AS029S-13",07/11/2007
"CANILLERA TOBILLERA AS029S-13",14/10/2009
"CANILLERA TOBILLERA AS029S-13",31/10/2006
"CANILLERA TOBILLERA AS029S-13",12/12/2006
"CANILLERA TOBILLERA AS029S-13",04/12/2012
"CANILLERA TOBILLERA AS029S-13",21/12/2007
"CANILLERA TOBILLERA AS029S-13",09/12/2010
"CANILLERA TOBILLERA AS029S-13",21/11/2012
"CANILLERA TOBILLERA AS029S-13",24/11/2006
"CANILLERA TOBILLERA AS029S-13",09/10/2007
"CANILLERA TOBILLERA AS029S-13",15/11/2006
"CANILLERA TOBILLERA AS029S-13",12/12/2006
"CANILLERA TOBILLERA AS029S-13",19/12/2009
"CANILLERA TOBILLERA AS029S-13",09/11/2007
"CANILLERA TOBILLERA AS029S-13",07/12/2006
"CANILLERA TOBILLERA AS029S-13",18/12/2007
"CANILLERA TOBILLERA AS029S-13",22/11/2010
"CANILLERA TOBILLERA AS029S-13",14/11/2011
"CANILLERA TOBILLERA AS029S-13",17/11/2006
"CANILLERA TOBILLERA AS029S-13",24/10/2006
"CANILLERA TOBILLERA AS029S-13",19/12/2006
"CANILLERA TOBILLERA AS029S-13",02/10/2009
"CANILLERA TOBILLERA AS029S-13",14/12/2007
"CANILLERA TOBILLERA AS029S-13",26/10/2007
"CANILLERA TOBILLERA AS029S-13",14/12/2007
"CANILLERA TOBILLERA AS029S-13",01/12/2009
"CANILLERA TOBILLERA AS029S-13",04/12/2006
"CANILLERA TOBILLERA AS029S-13",19/11/2010
"CANILLERA TOBILLERA AS029S-13",30/10/2007
"CANILLERA TOBILLERA AS029S-13",02/10/2009
"CANILLERA TOBILLERA AS029S-13",14/11/2011
"CANILLERA TOBILLERA AS029S-13",11/11/2010
"CANILLERA TOBILLERA AS029S-13",01/12/2010
"CANILLERA TOBILLERA AS029S-13",22/11/2007
"CANILLERA TOBILLERA AS029S-13",07/11/2006
"CANILLERA TOBILLERA AS029S-13",19/10/2007
"CANILLERA TOBILLERA AS029S-13",14/12/2007
"CANILLERA TOBILLERA AS029S-13",06/12/2010
"CANILLERA TOBILLERA AS029S-13",11/10/2007
"CANILLERA TOBILLERA AS029S-13",10/10/2006
"CANILLERA TOBILLERA AS029S-13",03/11/2011
"CANILLERA TOBILLERA AS029S-13",14/11/2006
"CANILLERA TOBILLERA AS029S-13",15/12/2006
"CANILLERA TOBILLERA AS029S-13",23/11/2010
"CANILLERA TOBILLERA AS029S-13",07/12/2007
"CANILLERA TOBILLERA AS029S-13",27/10/2009
"CANILLERA TOBILLERA AS029S-13",11/11/2011
"CANILLERA TOBILLERA AS029S-13",17/10/2006
"CANILLERA TOBILLERA AS029S-13",03/12/2013
"CANILLERA TOBILLERA AS029S-13",09/12/2009
"CANILLERA TOBILLERA AS029S-13",05/10/2010
"CANILLERA TOBILLERA AS029S-13",17/12/2006
"CANILLERA TOBILLERA AS029S-13",20/10/2006
"CANILLERA TOBILLERA AS029S-13",08/10/2010
"CANILLERA TOBILLERA AS029S-13",31/12/2007
"CANILLERA TOBILLERA AS029S-13",01/12/2006
"CANILLERA TOBILLERA AS029S-13",06/12/2007
"CANILLERA TOBILLERA AS029S-13",07/12/2006
"CANILLERA TOBILLERA AS029S-13",22/11/2006
"CANILLERA TOBILLERA AS029S-13",15/12/2006
"CANILLERA TOBILLERA AS029S-13",17/11/2011
"CANILLERA TOBILLERA AS029S-13",05/10/2006
"CANILLERA TOBILLERA AS029S-13",14/11/2006
"CANILLERA TOBILLERA AS029S-13",04/11/2011
"CANILLERA TOBILLERA AS029S-13",15/11/2007
"CANILLERA TOBILLERA AS029S-13",24/11/2010
"CANILLERA TOBILLERA AS029S-13",04/12/2009
"CANILLERA TOBILLERA AS029S-13",15/11/2011
"CANILLERA TOBILLERA AS029S-13",12/11/2012
"CANILLERA TOBILLERA AS043S",04/10/2007
"CANILLERA TOBILLERA AS043S",19/12/2007
"CANILLERA TOBILLERA AS043S",16/10/2007
"CANILLERA TOBILLERA AS043S",09/11/2007
"CANILLERA TOBILLERA AS043S",20/11/2006
"CARRO AUTO H-03-IC-09",13/11/2009
"CARRO AUTO H-04-IC-13",10/12/2010
"CARRO AUTO H-04-IC-13",22/11/2007
"CARRO AUTO H-04-IC-13",13/11/2009
"CARRO AUTO H-04-IC-13",11/12/2007
"CARRO AUTO H-04-IC-13",16/12/2007
"CARRO AUTO H-05-BAR-09",13/11/2009
"CARRO AUTO H-06-BAR-09",13/11/2009
"CARRO AUTO H-06-BAR-09",11/12/2007
"CARRO AUTO H-06-BAR-09",16/12/2007
"CARRO AUTO H-06-BAR-09",10/12/2010
"CARRO AUTO H-06-BAR-09",04/12/2009
"CARRO AUTO H-06-BAR-09",16/10/2007
"CARRO AUTO H-07-IC-BAR-09",22/11/2007
"CARRO AUTO H-07-IC-BAR-09",04/12/2009
"CARRO AUTO H-08-IC-BAR-09",13/11/2009
"CARRO AUTO H-09-IC-BAR",09/11/2007
"CARRO AUTO H-09-IC-BAR",11/12/2007
"CARRO AUTO H-09-IC-BAR",16/12/2007
"CARRO AUTO H-09-IC-BAR",22/11/2007
"CARRO AUTO H-11-IC-09",04/12/2009
"CARRO AUTO H-11-IC-09",24/11/2009
"CARRO AUTO H-11-IC-09",13/11/2009
"CARRO AUTO H-11-IC-09",09/11/2007
"CARRO AUTO H-11-IC-09",22/11/2007
"CASCO CHICO RODILLERA CODERA-10",22/11/2006
"CASCO CHICO RODILLERA CODERA-10",11/12/2006
"CASCO CHICO RODILLERA CODERA-10",29/11/2006
"CASCO CHICO RODILLERA CODERA-10",15/12/2006
"CASCO CHICO RODILLERA CODERA-10",28/11/2011
"CASCO CHICO RODILLERA CODERA-10",13/12/2013
"CASCO CHICO RODILLERA CODERA-10",16/11/2011
"CASCO CHICO RODILLERA CODERA-10",25/11/2010
"CASCO CHICO RODILLERA CODERA-10",12/12/2006
"CASCO CHICO RODILLERA CODERA-10",22/11/2007
"CASCO CHICO RODILLERA CODERA-10",09/12/2011
"CASCO CHICO RODILLERA CODERA-10",24/10/2011
"CASCO CHICO RODILLERA CODERA-10",23/11/2009
"CASCO CHICO RODILLERA CODERA-10",12/12/2006
"CASCO CHICO RODILLERA CODERA-10",25/10/2011
"CASCO CHICO RODILLERA CODERA-10",28/11/2013
"CASCO CHICO RODILLERA CODERA-10",22/12/2010
"CASCO CHICO RODILLERA CODERA-10",04/12/2012
"CASCO CHICO RODILLERA CODERA-10",24/11/2010
"CASCO CHICO RODILLERA CODERA-10",24/12/2009
"CASCO CHICO RODILLERA CODERA-10",21/12/2006
"CASCO CHICO RODILLERA CODERA-10",15/12/2010
"CASCO CHICO RODILLERA CODERA-10",20/12/2012
"CASCO CHICO RODILLERA CODERA-10",15/12/2006
"CASCO CHICO RODILLERA CODERA-10",22/11/2007
"CASCO CHICO RODILLERA CODERA-10",10/12/2010
"CASCO CHICO RODILLERA CODERA-10",23/12/2011
"CASCO CHICO RODILLERA CODERA-10",01/12/2009
"CASCO CHICO RODILLERA CODERA-10",19/11/2010
"CASCO CHICO RODILLERA CODERA-10",13/11/2009
"CASCO CHICO RODILLERA CODERA-10",23/12/2010
"CASCO CHICO RODILLERA CODERA-10",15/12/2009
"CASCO CHICO RODILLERA CODERA-10",01/12/2006
"CASCO CHICO RODILLERA CODERA-10",23/10/2013
"CASCO CHICO RODILLERA CODERA-10",05/11/2010
"CASCO CHICO RODILLERA CODERA-10",13/12/2006
"CASCO CHICO RODILLERA CODERA-10",23/11/2007
"CASCO CHICO RODILLERA CODERA-10",22/11/2006
"CASCO CHICO RODILLERA CODERA-10",21/12/2006
"CASCO CHICO RODILLERA CODERA-10",24/11/2006
"CASCO CHICO RODILLERA CODERA-10",12/11/2009
"CASCO CHICO RODILLERA CODERA-10",21/12/2007
"CASCO CHICO RODILLERA CODERA-10",04/12/2013
"CASCO CHICO RODILLERA CODERA-10",16/11/2011
"CASCO CHICO RODILLERA CODERA-10",14/11/2011
"CASCO CHICO RODILLERA CODERA-10",23/11/2010
"CASCO CHICO RODILLERA CODERA-10",22/12/2010
"CASCO CHICO RODILLERA CODERA-10",13/12/2006
"CASCO CHICO RODILLERA CODERA-10",28/12/2007
"CASCO CHICO RODILLERA CODERA-10",30/10/2009
"CASCO CHICO RODILLERA CODERA-10",29/11/2012
"CASCO CHICO RODILLERA CODERA-10",24/11/2010
"CASCO CHICO RODILLERA CODERA-10",19/11/2009
"CASCO CHICO RODILLERA CODERA-10",04/12/2013
"CASCO CHICO RODILLERA CODERA-10",22/11/2010
"CASCO CHICO RODILLERA CODERA-10",15/12/2010
"CASCO CHICO RODILLERA CODERA-10",22/12/2009
"CASCO CHICO RODILLERA CODERA-10",17/12/2013
"CASCO CHICO RODILLERA CODERA-10",11/12/2009
"CASCO CHICO RODILLERA CODERA-10",11/11/2011
"CASCO CHICO RODILLERA CODERA-10",22/11/2010
"CASCO CHICO RODILLERA CODERA-10",20/12/2007
"CASCO CHICO RODILLERA CODERA-10",04/12/2009
"CASCO CHICO RODILLERA CODERA-10",08/11/2011
"CASCO CHICO RODILLERA CODERA-10",24/12/2010
"CASCO CHICO RODILLERA CODERA-10",21/12/2011
"CASCO CHICO RODILLERA CODERA-10",06/12/2007
"CASCO CHICO RODILLERA CODERA-10",19/12/2011
"CASCO CHICO RODILLERA CODERA-10",27/12/2007
"CASCO CHICO RODILLERA CODERA-10",23/12/2013
"CASCO CHICO RODILLERA CODERA-10",19/12/2009
"CASCO CHICO RODILLERA CODERA-10",04/12/2012
"CASCO CHICO RODILLERA CODERA-10",26/10/2007
"CASCO CHICO RODILLERA CODERA-10",21/12/2007
"CASCO CHICO RODILLERA CODERA-10",02/12/2009
"CASCO CHICO RODILLERA CODERA-10",14/12/2010
"CASCO CHICO RODILLERA CODERA-10",19/12/2007
"CASCO CHICO RODILLERA CODERA-10",22/12/2009
"CASCO CHICO RODILLERA CODERA-10",21/11/2011
"CASCO CHICO RODILLERA CODERA-10",15/12/2007
"CASCO CHICO RODILLERA CODERA-10",14/11/2013
"CASCO CHICO RODILLERA CODERA-10",22/11/2006
"CASCO CHICO RODILLERA CODERA-10",08/12/2009
"CASCO CHICO RODILLERA CODERA-10",11/10/2011
"CASCO CHICO RODILLERA CODERA-10",10/12/2010
"CASCO CHICO RODILLERA CODERA-10",13/12/2006
"CASCO CHICO RODILLERA CODERA-10",04/12/2009
"CASCO CHICO RODILLERA CODERA-10",21/12/2011
"CASCO CHICO RODILLERA CODERA-10",26/11/2010
"CASCO CHICO RODILLERA CODERA-10",03/12/2009
"CASCO CHICO RODILLERA CODERA-10",30/11/2010
"CASCO CHICO RODILLERA CODERA-10",18/12/2010
"CASCO CHICO RODILLERA CODERA-10",04/12/2007
"CASCO CHICO RODILLERA CODERA-10",30/11/2010
"CASCO CHICO RODILLERA CODERA-10",13/11/2007
"CASCO CHICO RODILLERA CODERA-10",05/12/2007
"CASCO CHICO RODILLERA CODERA-10",14/11/2011
"CASCO CHICO RODILLERA CODERA-10",13/11/2012
"CASCO CHICO RODILLERA CODERA-10",10/12/2011
"CASCO CHICO RODILLERA CODERA-10",12/12/2012
"CASCO CHICO RODILLERA CODERA-10",07/12/2007
"CASCO CHICO RODILLERA CODERA-10",03/12/2007
"CASCO CHICO RODILLERA CODERA-10",28/12/2007
"CASCO CHICO RODILLERA CODERA-10",04/12/2009
"CASCO CHICO RODILLERA CODERA-10",18/12/2010
"CASCO CHICO RODILLERA CODERA-10",11/11/2011
"CASCO CHICO RODILLERA CODERA-10",23/12/2011
"CASCO CHICO RODILLERA CODERA-10",17/11/2011
"CASCO CHICO RODILLERA CODERA-10",12/10/2007
"CASCO CHICO RODILLERA CODERA-10",14/12/2007
"CASCO CHICO RODILLERA CODERA-10",21/12/2012
"CASCO CHICO RODILLERA CODERA-10",22/12/2010
"CASCO CHICO RODILLERA CODERA-10",29/11/2013
"CASCO CHICO RODILLERA CODERA-10",07/10/2013
"CASCO CHICO RODILLERA CODERA-10",11/12/2007
"CASCO CHICO RODILLERA CODERA-10",13/11/2009
"CASCO CHICO RODILLERA CODERA-10",10/12/2011
"CASCO CHICO RODILLERA CODERA-10",23/12/2007
"CASCO CHICO RODILLERA CODERA-10",23/11/2010
"CASCO CHICO RODILLERA CODERA-10",21/12/2010
"CASCO CHICO RODILLERA CODERA-10",29/11/2010
"CASCO CON VICERA-09",09/12/2011
"CASCO CON VICERA-09",22/11/2010
"CASCO CON VICERA-09",09/12/2011
"CASCO CON VICERA-09",01/12/2009
"CASCO CON VICERA-09",14/10/2011
"CASCO CON VICERA-09",23/10/2009
"CASCO CON VICERA-09",11/10/2011
"CASCO CON VICERA-09",29/11/2010
"CASCO CON VICERA-09",01/12/2009
"CASCO CON VICERA-09",11/11/2011
"CASCO CON VICERA-09",16/11/2006
"CASCO CON VICERA-09",06/12/2012
"CASCO CON VICERA-09",19/10/2007
"CASCO CON VICERA-09",08/11/2011
"CASCO CON VICERA-09",21/11/2011
"CASCO CON VICERA-09",09/12/2011
"CASCO CON VICERA-09",04/12/2006
"CASCO CON VICERA-09",28/11/2011
"CASCO CON VICERA-09",11/11/2011
"CASCO CON VICERA-09",22/12/2011
"CASCO CON VICERA-09",11/10/2006
"CASCO CON VICERA-09",29/10/2009
"CASCO CON VICERA-09",08/11/2011
"CASCO CON VICERA-09",22/11/2011
"CASCO CON VICERA-09",22/12/2011
"CASCO CON VICERA-09",03/10/2006
"CASCO CON VICERA-09",20/12/2006
"CASCO CON VICERA-09",06/12/2011
"CASCO CON VICERA-09",11/11/2009
"CASCO CON VICERA-09",23/10/2007
"CASCO CON VICERA-09",21/11/2011
"CASCO CON VICERA-09",24/11/2010
"CASCO CON VICERA-09",01/12/2010
"CASCO CON VICERA-09",07/10/2011
"CASCO CON VICERA-09",03/12/2010
"CASCO CON VICERA-09",23/11/2007
"CASCO CON VICERA-09",11/11/2010
"CASCO CON VICERA-09",05/12/2011
"CASCO CON VICERA-09",23/12/2010
"CASCO CON VICERA-09",14/11/2012
"CASCO CON VICERA-09",22/11/2007
"CASCO CON VICERA-09",15/12/2009
"CASCO CON VICERA-09",09/12/2009
"CASCO CON VICERA-09",03/11/2009
"CASCO CON VICERA-09",22/11/2006
"CASCO CON VICERA-09",30/11/2009
"CASCO CON VICERA-09",02/10/2009
"CASCO CON VICERA-09",14/11/2006
"CASCO CON VICERA-09",09/12/2010
"CASCO CON VICERA-09",21/11/2012
"CASCO CON VICERA-09",04/12/2006
"CASCO CON VICERA-09",16/10/2012
"CASCO CON VICERA-09",23/10/2009
"CASCO CON VICERA-09",14/11/2006
"CASCO CON VICERA-09",22/12/2010
"CASCO CON VICERA-09",04/11/2011
"CASCO CON VICERA-09",16/12/2011
"CASCO CON VICERA-09",22/11/2010
"CASCO CON VICERA-09",14/11/2011
"CASCO CON VICERA-09",25/11/2011
"CASCO CON VICERA-09",22/11/2010
"CASCO CON VICERA-09",10/10/2012
"CASCO CON VICERA-09",19/10/2007
"CASCO CON VICERA-09",08/10/2012
"CASCO CON VICERA-09",22/12/2011
"CASCO CON VICERA-09",02/12/2009
"CASCO CON VICERA-09",22/10/2009
"CASCO CON VICERA-09",27/11/2012
"CASCO CON VICERA-09",17/11/2009
"CASCO CON VICERA-09",04/12/2012
"CASCO CON VICERA-09",20/12/2011
"CASCO CON VICERA-09",12/11/2007
"CASCO CON VICERA-09",31/10/2006
"CASCO CON VICERA-09",19/12/2010
"CASCO CON VICERA-09",06/10/2011
"CASCO CON VICERA-09",19/12/2007
"CASCO CON VICERA-09",24/11/2006
"CASCO CON VICERA-09",30/11/2011
"CASCO CON VICERA-09",19/11/2010
"CASCO CON VICERA-09",11/11/2009
"CASCO CON VICERA-09",09/11/2012
"CASCO CON VICERA-09",12/12/2010
"CASCO CON VICERA-09",17/10/2011
"CASCO CON VICERA-09",26/11/2010
"CASCO CON VICERA-09",09/11/2012
"CASCO CON VICERA-09",10/12/2012
"CASCO CON VICERA-09",08/11/2012
"CASCO CON VICERA-09",14/10/2011
"CASCO CON VICERA-09",24/10/2011
"CASCO CON VICERA-09",06/12/2010
"CASCO CON VICERA-09",05/10/2010
"CASCO PARA PATINETA 001",14/10/2011
"CASCO PARA PATINETA 001",07/12/2010
"CASCO PARA PATINETA 001",19/12/2012
"CASCO PARA PATINETA 001",08/11/2012
"CASCO PARA PATINETA 001",30/11/2011
"CASCO PARA PATINETA 001",31/12/2013
"CASCO PARA PATINETA 001",26/12/2013
"CASCO PARA PATINETA 001",29/12/2010
"CASCO PARA PATINETA 001",11/12/2013
"CASCO PARA PATINETA 001",18/12/2013
"CASCO PARA PATINETA 001",03/12/2013
"CASCO PARA PATINETA 001",27/11/2012
"CASCO PARA PATINETA 001",10/10/2012
"CASCO PARA PATINETA 001",11/10/2013
"CASCO PARA PATINETA 001",26/10/2012
"CASCO PARA PATINETA 001",19/10/2012
"CASCO PARA PATINETA 001",16/12/2011
"CASCO PARA PATINETA 001",12/11/2012
"CASCO PARA PATINETA 001",12/10/2012
"CASCO PARA PATINETA 001",25/10/2013
"CASCO PARA PATINETA 001",07/11/2011
"CASCO PARA PATINETA 001",25/10/2013
"CASCO PARA PATINETA 001",22/10/2012
"CASCO PARA PATINETA 001",25/10/2013
"CASCO PARA PATINETA 001",30/11/2012
"CASCO PARA PATINETA 001",15/12/2013
"CASCO PARA PATINETA 001",09/12/2010
"CASCO PARA PATINETA 001",18/10/2013
"CASCO PARA PATINETA 001",31/12/2013
"CASCO PARA PATINETA 001",21/11/2012
"CASCO PARA PATINETA 001",30/11/2011
"CASCO PARA PATINETA 001",03/12/2010
"CASCO PARA PATINETA 001",07/10/2011
"CASCO PARA PATINETA 001",08/11/2011
"CASCO PARA PATINETA 001",18/12/2013
"CASCO PARA PATINETA 001",21/11/2012
"CASCO PARA PATINETA 001",10/12/2011
"CASCO PARA PATINETA 001",05/10/2012
"CASCO PARA PATINETA 001",12/11/2013
"CASCO PARA PATINETA 001",28/11/2011
"CASCO PARA PATINETA 001",26/10/2012
"CASCO PARA PATINETA 001",22/11/2012
"CASCO PARA PATINETA 001",27/12/2013
"CASCO PARA PATINETA 001",11/11/2011
"CASCO PARA PATINETA 001",27/12/2011
"CASCO PARA PATINETA 001",23/10/2013
"CASCO PARA PATINETA 001",18/11/2013
"CASCO PARA PATINETA 001",23/12/2013
"CASCO PARA PATINETA 001",16/12/2011
"CASCO PARA PATINETA 001",09/11/2009
"CASCO PARA PATINETA 001",12/12/2013
"CASCO PARA PATINETA 001",14/12/2013
"CASCO PARA PATINETA 001",29/11/2011
"CASCO PARA PATINETA 001",25/10/2013
"CASCO PARA PATINETA 001",25/11/2013
"CASCO PARA PATINETA 001",12/12/2013
"CASCO PARA PATINETA 001",04/12/2013
"CASCO PARA PATINETA 001",30/11/2012
"CASCO PARA PATINETA 001",24/10/2012
"CASCO PARA PATINETA 001",15/11/2013
"CASCO PARA PATINETA 001",16/12/2013
"CASCO PARA PATINETA 001",14/10/2011
"CASCO PARA PATINETA 001",03/11/2010
"CASCO PARA PATINETA 001",19/12/2011
"CASCO PARA PATINETA 001",10/10/2013
"CASCO PARA PATINETA 001",22/10/2013
"CASCO PARA PATINETA 001",03/10/2012
"CASCO PARA PATINETA 001",21/12/2013
"CASCO PARA PATINETA 001",22/12/2011
"CASCO PARA PATINETA 001",31/12/2010
"CASCO PARA PATINETA 001",18/11/2013
"CASCO PARA PATINETA 001",20/12/2011
"CASCO PARA PATINETA 001",29/11/2013
"CASCO PARA PATINETA 001",06/11/2009
"CASCO PARA PATINETA 001",17/12/2013
"CASCO PARA PATINETA 001",24/10/2013
"CASCO PARA PATINETA 001",29/11/2011
"CASCO PARA PATINETA 001",07/11/2013
"CASCO PARA PATINETA 001",12/10/2012
"CASCO PARA PATINETA 001",17/12/2013
"CASCO PARA PATINETA 001",29/12/2011
"CASCO PARA PATINETA 001",30/11/2010
"CASCO PARA PATINETA 001",12/12/2013
"CASCO PARA PATINETA 001",06/12/2011
"CASCO PARA PATINETA 001",15/12/2013
"CASCO PARA PATINETA 001",16/10/2012
"CASCO PARA PATINETA 001",10/10/2012
"CASCO PARA PATINETA 001",30/10/2009
"CASCO PARA PATINETA 001",14/11/2012
"CASCO PARA PATINETA 001",27/11/2013
"CASCO PARA PATINETA 001",26/11/2010
"CASCO PARA PATINETA 001",29/12/2010
"CASCO PARA PATINETA 001",30/10/2013
"CASCO PARA PATINETA 001",11/11/2009
"CASCO PARA PATINETA 001",18/12/2012
"CASCO PARA PATINETA 001",03/10/2012
"CASCO PARA PATINETA 001",27/11/2012
"CASCO PARA PATINETA 001",10/12/2012
"CASCO PARA PATINETA 001",10/11/2011
"CASCO PARA PATINETA 001",09/12/2011
"CASCO PARA PATINETA 001",12/12/2013
"CASCO PARA PATINETA 001",27/12/2013
"CASCO PARA PATINETA 001",04/11/2011
"CASCO PARA PATINETA 001",15/10/2013
"CASCO PARA PATINETA 001",21/12/2013
"CASCO PARA PATINETA 001",07/11/2013
"CASCO PARA PATINETA 001",30/12/2013
"CASCO PARA PATINETA 001",21/11/2011
"CASCO PARA PATINETA 001",24/11/2010
"CASCO PARA PATINETA 001",15/12/2013
"CASCO PARA PATINETA 001",17/10/2013
"CASCO PARA PATINETA 001",14/10/2011
"CASCO PARA PATINETA 001",31/12/2013
"CASCO PARA PATINETA 001",22/11/2010
"CASCO PARA PATINETA 001",14/10/2011
"CASCO PARA PATINETA 001",24/10/2012
"CASCO PARA PATINETA 001",10/10/2012
"CASCO PARA PATINETA 001",18/10/2012
"CASCO PARA PATINETA 001",11/10/2011
"CASCO PARA PATINETA 001",12/12/2013
"CASCO PARA PATINETA 001",12/12/2011
"CASCO PARA PATINETA 001",13/11/2013
"CASCO PARA PATINETA 001",09/10/2012
"CASCO PARA PATINETA 001",14/12/2012
"CASCO PARA PATINETA 001",12/10/2011
"CASCO PARA PATINETA 001",06/12/2013
"CASCO PARA PATINETA 001",18/11/2013
"CASCO PARA PATINETA 001",20/10/2011
"CASCO PARA PATINETA 001",22/12/2012
"CASCO PARA PATINETA 001",14/12/2011
"CASCO PARA PATINETA 001",16/11/2011
"CASCO PARA PATINETA 001",23/12/2010
"CASCO PARA PATINETA 001",29/10/2012
"CASCO PARA PATINETA 001",15/12/2013
"CASCO PARA PATINETA 001",16/11/2011
"CASCO PARA PATINETA 001",15/11/2013
"CASCO PARA PATINETA 001",08/11/2011
"CASCO PARA PATINETA 001",18/10/2011
"CASCO PARA PATINETA 001",11/10/2013
"CASCO PARA PATINETA 001",21/12/2010
"CASCO PARA PATINETA 001",21/12/2013
"CASCO PARA PATINETA 001",17/12/2013
"CASCO PARA PATINETA 001",04/12/2013
"CASCO PARA PATINETA 001",04/12/2012
"CASCO PARA PATINETA 001",24/11/2011
"CASCO PARA PATINETA 001",28/11/2012
"CASCO PARA PATINETA 001",17/12/2013
"CASCO PARA PATINETA 001",12/10/2012
"CASCO PARA PATINETA 001",25/10/2013
"CASCO PARA PATINETA 001",17/12/2010
"CASCO PARA PATINETA 001",29/10/2012
"CASCO PARA PATINETA 001",04/10/2013
"CASCO PARA PATINETA 001",29/11/2011
"CASCO PARA PATINETA 001",14/10/2011
"CASCO PARA PATINETA 001",15/12/2013
"CASCO PARA PATINETA 001",28/10/2013
"CASCO PARA PATINETA 001",27/11/2013
"CASCO PARA PATINETA 001",31/12/2012
"CASCO PARA PATINETA 001",24/12/2013
"CASCO PARA PATINETA 001",14/10/2011
"CASCO PARA PATINETA 001",01/10/2012
"CASCO PARA PATINETA 001",18/12/2013
"CASCO PARA PATINETA 001",07/10/2011
"CASCO PARA PATINETA 001",08/11/2011
"CASCO PARA PATINETA 001",11/12/2012
"CASCO PARA PATINETA 001",03/12/2012
"CASCO PARA PATINETA 001",22/11/2011
"CASCO PARA PATINETA 001",07/12/2012
"CASCO PARA PATINETA 001",05/10/2012
"CASCO PARA PATINETA 001",11/10/2011
"CASCO PARA PATINETA 001",23/12/2013
"CASCO PARA PATINETA 001",03/10/2012
"CASCO PARA PATINETA 001",04/12/2012
"CASCO PARA PATINETA 001",18/12/2012
"CASCO PARA PATINETA 001",22/12/2011
"CASCO PARA PATINETA 001",19/12/2013
"CASCO PARA PATINETA 001",30/11/2011
"CASCO PARA PATINETA 001",23/12/2009
"CASCO PARA PATINETA 001",10/12/2012
"CASCO PARA PATINETA 001",17/12/2012
"CASCO PARA PATINETA 001",10/12/2012
"CASCO PARA PATINETA 001",25/10/2013
"CASCO PARA PATINETA 001",14/11/2013
"CASCO PARA PATINETA 001",20/10/2009
"CASCO PARA PATINETA 001",09/11/2009
"CASCO PARA PATINETA 001",21/12/2013
"CASCO PARA PATINETA 001",30/12/2013
"CASCO PARA PATINETA 001",15/12/2013
"CASCO PARA PATINETA 001",21/12/2011
"CASCO PARA PATINETA 001",08/11/2012
"CASCO PARA PATINETA 001",02/10/2009
"CASCO PARA PATINETA 001",08/11/2012
"CASCO PARA PATINETA 001",09/12/2010
"CASCO PARA PATINETA 001",27/10/2011
"CASCO PARA PATINETA 001",10/12/2013
"CASCO PARA PATINETA 001",21/11/2011
"CASCO PARA PATINETA 001",07/10/2011
"CASCO PARA PATINETA 001",14/11/2011
"CASCO PARA PATINETA 001",01/10/2012
"CASCO PARA PATINETA 001",29/12/2010
"CASCO PARA PATINETA 001",23/10/2009
"CASCO PARA PATINETA 001",28/11/2011
"CASCO PARA PATINETA 001",10/10/2012
"CASCO PARA PATINETA 001",11/10/2013
"CASCO PARA PATINETA 001",12/11/2013
"CASCO PARA PATINETA 001",02/12/2010
"CASCO PARA PATINETA 001",21/12/2013
"CASCO PARA PATINETA 001",19/12/2011
"CASCO PARA PATINETA 001",23/10/2013
"CASCO PARA PATINETA 001",25/10/2011
"CASCO PARA PATINETA 001",06/11/2013
"CASCO PARA PATINETA 001",31/12/2010
"CASCO PARA PATINETA 001",25/11/2013
"CASCO PARA PATINETA 001",15/11/2011
"CASCO PARA PATINETA 001",25/10/2013
"CASCO PARA PATINETA 001",07/11/2013
"CASCO PARA PATINETA 001",19/12/2013
"CASCO PARA PATINETA 001",09/12/2013
"CASCO PARA PATINETA 001",17/10/2013
"CASCO PARA PATINETA 001",30/11/2010
"CASCO PARA PATINETA 001",13/12/2012
"CASCO PARA PATINETA 001",30/12/2013
"CASCO PARA PATINETA 001",16/11/2011
"CASCO PARA PATINETA 001",07/10/2013
"CASCO PARA PATINETA 001",30/11/2012
"CASCO PARA PATINETA 001",17/12/2013
"CASCO PARA PATINETA 001",04/12/2013
"CASCO PARA PATINETA 001",23/12/2011
"CASCO PARA PATINETA 001",07/12/2011
"CASCO PARA PATINETA 001",16/12/2013
"CASCO PARA PATINETA 001",31/10/2012
"CASCO PARA PATINETA 001",27/11/2012
"CASCO PARA PATINETA 001",18/12/2013
"CASCO PARA PATINETA 001",21/11/2013
"CASCO PARA PATINETA 001",22/12/2011
"CASCO PARA PATINETA 001",03/12/2013
"CASCO PARA PATINETA 001",18/10/2011
"CASCO PARA PATINETA 001",19/12/2011
"CASCO PARA PATINETA 001",14/10/2009
"CASCO PARA PATINETA 001",21/12/2012
"CASCO PARA PATINETA 001",11/11/2011
"CASCO PARA PATINETA 001",20/10/2009
"CASCO PARA PATINETA 001",07/11/2013
"CASCO PARA PATINETA 001",14/12/2011
"CASCO PARA PATINETA 001",12/12/2013
"CASCO PARA PATINETA 001",07/11/2013
"CASCO PARA PATINETA 001",19/12/2012
"CASCO PARA PATINETA 001",17/12/2009
"CASCO PARA PATINETA 001",24/10/2011
"CASCO PARA PATINETA 001",31/12/2013
"CASCO PARA PATINETA 001",18/12/2013
"CASCO PARA PATINETA 001",18/12/2013
"CASCO PARA PATINETA 001",02/11/2011
"CASCO PARA PATINETA 001",22/12/2013
"CASCO PARA PATINETA 001",11/10/2013
"CASCO PARA PATINETA 001",20/10/2010
"CASCO PARA PATINETA 001",04/11/2013
"CASCO PARA PATINETA 001",22/11/2013
"CASCO PARA PATINETA 001",21/12/2012
"CASCO PARA PATINETA 001",12/11/2009
"CASCO PARA PATINETA 001",03/12/2009
"CASCO PARA PATINETA 001",23/12/2011
"CASCO PARA PATINETA 001",07/12/2010
"CASCO PARA PATINETA 001",25/11/2013
"CASCO PARA PATINETA 001",04/12/2013
"CASCO PARA PATINETA 001",08/11/2013
"CASCO PARA PATINETA 001",05/12/2012
"CASCO PARA PATINETA 001",14/12/2011
"CASCO PARA PATINETA 001",21/12/2013
"CASCO PARA PATINETA 001",15/12/2013
"CASCO PARA PATINETA 001",24/12/2010
"CASCO PARA PATINETA 001",17/10/2012
"CASCO PARA PATINETA 001",12/11/2013
"CASCO PARA PATINETA 001",14/10/2011
"CASCO PARA PATINETA 001",07/10/2011
"CASCO PARA PATINETA 001",04/12/2013
"CASCO PARA PATINETA 001",20/12/2010
"CASCO PARA PATINETA 001",22/11/2011
"CASCO PARA PATINETA 001",07/10/2011
"CASCO PARA PATINETA 001",31/10/2012
"CASCO PARA PATINETA 001",11/10/2013
"CASCO PARA PATINETA 001",21/12/2010
"CASCO PARA PATINETA 001",08/10/2012
"CASCO PARA PATINETA 001",05/11/2013
"CASCO PARA PATINETA 001",03/10/2012
"CASCO PARA PATINETA 001",03/11/2011
"CASCO PARA PATINETA 001",19/12/2012
"CASCO PARA PATINETA 001",13/11/2012
"CASCO PARA PATINETA 001",09/12/2011
"CASCO PARA PATINETA 001",25/10/2013
"CASCO PARA PATINETA 001",22/12/2012
"CASCO PARA PATINETA 001",12/11/2010
"CASCO PARA PATINETA 001",25/10/2013
"CASCO PARA PATINETA 001",17/10/2012
"CASCO PARA PATINETA 001",23/12/2010
"CASCO PARA PATINETA 001",15/11/2013
"CASCO PARA PATINETA 001",10/10/2012
"CASCO PARA PATINETA 001",08/11/2011
"CASCO PARA PATINETA 001",14/11/2012
"CASCO PARA PATINETA 001",22/11/2011
"CASCO PARA PATINETA 001",07/10/2011
"CASCO PARA PATINETA 001",08/11/2011
"CASCO PARA PATINETA 001",16/12/2013
"CASCO PARA PATINETA 001",11/12/2013
"CASCO PARA PATINETA 001",24/12/2011
"CASCO PARA PATINETA 001",12/11/2013
"CASCO PARA PATINETA 001",14/12/2012
"CASCO PARA PATINETA 001",19/12/2011
"CASCO PARA PATINETA 001",18/10/2012
"CASCO PARA PATINETA 001",21/12/2013
"CASCO PARA PATINETA 001",21/12/2013
"CASCO PARA PATINETA 001",29/11/2010
"CASCO PARA PATINETA 001",05/11/2010
"CASCO PARA PATINETA 001",18/11/2013
"CASCO PARA PATINETA 001",12/10/2012
"CASCO PARA PATINETA 001",04/10/2013
"CASCO PARA PATINETA 001",09/12/2011
"CASCO PARA PATINETA 001",19/11/2013
"CASCO PARA PATINETA 001",14/12/2013
"CASCO PARA PATINETA 001",21/12/2011
"CASCO PARA PATINETA 001",26/10/2011
"CASCO PARA PATINETA 001",25/10/2013
"CASCO PARA PATINETA 001",04/12/2013
"CASCO PARA PATINETA 001",02/12/2013
"CASCO PARA PATINETA 001",26/11/2013
"CASCO PARA PATINETA 001",30/12/2013
"CASCO PARA PATINETA 001",26/11/2012
"CASCO PARA PATINETA 001",21/12/2011
"CASCO PARA PATINETA 001",17/10/2012
"CASCO PARA PATINETA 001",20/12/2013
"CASCO PARA PATINETA 001",14/12/2009
"CASCO PARA PATINETA 001",08/11/2011
"CASCO PARA PATINETA 001",18/11/2011
"CASCO PARA PATINETA 001",27/11/2013
"CASCO PARA PATINETA 001",19/12/2013
"CASCO PARA PATINETA 001",21/12/2013
"CASCO PARA PATINETA 001",10/11/2011
"CASCO PARA PATINETA 001",26/10/2012
"CASCO PARA PATINETA 001",22/12/2010
"CASCO PARA PATINETA 001",18/11/2013
"CASCO PARA PATINETA 001",20/12/2011
"CASCO PARA PATINETA 001",30/11/2010
"CASCO PARA PATINETA 001",09/12/2011
"CASCO PARA PATINETA 001",09/12/2013
"CASCO PARA PATINETA 001",13/12/2012
"CASCO PARA PATINETA 001",12/12/2013
"CASCO PARA PATINETA 001",30/11/2012
"CASCO PARA PATINETA 001",27/10/2011
"CASCO PARA PATINETA 001",18/12/2012
"CASCO PARA PATINETA 001",05/12/2013
"CASCO PARA PATINETA 001",22/12/2013
"CASCO PARA PATINETA 001",06/12/2010
"CASCO PARA PATINETA 001",25/10/2011
"CASCO PARA PATINETA 001",23/10/2013
"CASCO PARA PATINETA 001",04/12/2013
"CASCO PARA PATINETA 001",11/11/2010
"CASCO PARA PATINETA 001",07/11/2013
"CASCO PARA PATINETA 001",04/10/2013
"CASCO PARA PATINETA 001",19/11/2013
"CASCO PARA PATINETA 001",13/12/2012
"CASCO PARA PATINETA 001",04/10/2011
"CASCO PARA PATINETA 001",16/11/2012
"CASCO PARA PATINETA 001",15/12/2013
